modulation,iterations,mean_latency_ms,minimum_latency_ms,maximum_latency_ms,standard_deviation_ms,frames_per_second
QPSK,200,0.24056830909103155,0.22566691040992737,0.58787502348423,0.037707318646047636,4156.823497568826
16QAM,200,0.2745266875717789,0.2637919969856739,0.4002091009169817,0.014651052757145249,3642.633103707033
64QAM,200,0.34066901193000376,0.33087492920458317,0.47300010919570923,0.015127543655683902,2935.4005353603075
