frames_per_second,inferences_per_second,maximum_latency_ms,mean_latency_ms,minimum_latency_ms,operation
3772.7841739116066,,8.564083138480783,0.2650562433215479,0.2221250906586647,QPSK_link_frame
3526.5640833137713,,0.807708129286766,0.28356212346504134,0.26658386923372746,16QAM_link_frame
2859.4324373307727,,0.5843748804181814,0.3497197510053714,0.3354591317474842,64QAM_link_frame
,236.1157311664938,1002.7934999670833,4.235211246026059,0.8687090594321489,ml_modulation_selection
