frames_per_second,inferences_per_second,maximum_latency_ms,mean_latency_ms,minimum_latency_ms,operation
599.4796816091632,,2.744503000030818,1.668113250003292,1.6057020000062039,QPSK_link_frame
560.5639578362242,,2.2300470000118366,1.7839177600001221,1.7411999999694672,16QAM_link_frame
439.0254833097071,,3.016185000092264,2.277772106669621,2.2081769999431344,64QAM_link_frame
,256.1023056457901,4.584887999953935,3.904689563330521,3.8279530000409068,ml_modulation_selection
