frames_per_second,inferences_per_second,maximum_latency_ms,mean_latency_ms,minimum_latency_ms,operation
3639.1505217497033,,2.792708110064268,0.27478940319269896,0.2204589545726776,QPSK_link_frame
3667.731887730991,,0.4054168239235878,0.2726480644196272,0.26104203425347805,16QAM_link_frame
2884.227086640249,,0.6689170841127634,0.34671333773682517,0.32899994403123856,64QAM_link_frame
,297.55597315494373,746.4336671400815,3.360712236414353,0.8561247959733009,ml_modulation_selection
